Mode,Avg_Latency_ms,FPS
CPU,22.99341200014169,43.49071812368855
GPU (PyTorch),10.552921999769751,94.76048434943597
GPU + TensorRT,5.9033779998571845,169.39453987601541
